{
  "label": "recurring",
  "n_eval": 783,
  "guard_fail_count": 0,
  "guard_fail_sample": [],
  "beats_B_by_K": {
    "5": {
      "n": 783,
      "count": 184,
      "frac": 0.23499361430395913,
      "binom_p_vs_5pct": 1.926199844329528e-69
    },
    "10": {
      "n": 783,
      "count": 125,
      "frac": 0.15964240102171137,
      "binom_p_vs_5pct": 5.6412575982863964e-30
    },
    "20": {
      "n": 783,
      "count": 78,
      "frac": 0.09961685823754789,
      "binom_p_vs_5pct": 1.0514179666212455e-08
    }
  },
  "underperforms_B_by_K": {
    "5": {
      "n": 783,
      "count": 218,
      "frac": 0.2784163473818646,
      "binom_p_vs_5pct": 3.0167150754701527e-97
    },
    "10": {
      "n": 783,
      "count": 169,
      "frac": 0.21583652618135377,
      "binom_p_vs_5pct": 2.7949565513660027e-58
    },
    "20": {
      "n": 783,
      "count": 137,
      "frac": 0.17496807151979565,
      "binom_p_vs_5pct": 5.48732781860077e-37
    }
  }
}