{
  "cls": "event",
  "n": 1911,
  "permutations_each": 5,
  "guard_fail": 0,
  "real_median_gini": 0.865848859049076,
  "perm_median_gini": 0.7994759354674311,
  "volume_median_gini": 0.8897517944852456,
  "real_frac_pass_0.60": 0.9816849816849816,
  "perm_frac_pass_0.60": 0.9586603872318158,
  "frac_real_gt_perm": 0.8744113029827315,
  "real_p10": 0.7399977624931229,
  "real_p90": 0.9318925267911271,
  "perm_p10": 0.6657734516042962,
  "perm_p90": 0.8792323270970069,
  "by_tier": {
    "T1": {
      "n": 467,
      "real_median": 0.8202756561122435,
      "perm_median": 0.7775457958903715
    },
    "T2": {
      "n": 495,
      "real_median": 0.8446688904947595,
      "perm_median": 0.7927318896693111
    },
    "T3": {
      "n": 499,
      "real_median": 0.8818199076461954,
      "perm_median": 0.8159925294039706
    },
    "T4": {
      "n": 450,
      "real_median": 0.8924769062262959,
      "perm_median": 0.7921444200779884
    }
  }
}