{
  "by_tier": {
    "T1": {
      "n_event": 467,
      "n_recurring": 241,
      "gini_event": {
        "n": 467,
        "median": 0.8202756561122435,
        "p25": 0.7562654594939937,
        "p75": 0.8719859442791413
      },
      "gini_recurring": {
        "n": 241,
        "median": 0.7834380083361134,
        "p25": 0.7482328827852402,
        "p75": 0.8311533465279779
      },
      "delta_median_gini": 0.03683764777613008,
      "mannwhitney_p": 0.0001444764313072708,
      "nhalf_frac_event": {
        "n": 467,
        "median": 0.022123893805309734,
        "p25": 0.013513513513513514,
        "p75": 0.03333333333333333
      },
      "nhalf_frac_recurring": {
        "n": 241,
        "median": 0.024166666666666666,
        "p25": 0.01694915254237288,
        "p75": 0.03333333333333333
      }
    },
    "T2": {
      "n_event": 495,
      "n_recurring": 248,
      "gini_event": {
        "n": 495,
        "median": 0.8446688904947595,
        "p25": 0.8011674011709762,
        "p75": 0.8847514377293256
      },
      "gini_recurring": {
        "n": 248,
        "median": 0.8039043772479522,
        "p25": 0.7773139083613152,
        "p75": 0.8515418323130839
      },
      "delta_median_gini": 0.0407645132468073,
      "mannwhitney_p": 1.534022011445169e-07,
      "nhalf_frac_event": {
        "n": 495,
        "median": 0.014002333722287048,
        "p25": 0.008316044260027662,
        "p75": 0.021560175794455714
      },
      "nhalf_frac_recurring": {
        "n": 248,
        "median": 0.017015399247520872,
        "p25": 0.011218844464723664,
        "p75": 0.02240902230420929
      }
    },
    "T3": {
      "n_event": 499,
      "n_recurring": 250,
      "gini_event": {
        "n": 499,
        "median": 0.8818199076461954,
        "p25": 0.8424953834162999,
        "p75": 0.9092766455840017
      },
      "gini_recurring": {
        "n": 250,
        "median": 0.871252875528609,
        "p25": 0.8455168075922155,
        "p75": 0.8976444721034991
      },
      "delta_median_gini": 0.010567032117586472,
      "mannwhitney_p": 0.032239099006500294,
      "nhalf_frac_event": {
        "n": 499,
        "median": 0.006512729425695678,
        "p25": 0.0034055249968682087,
        "p75": 0.010056066785766453
      },
      "nhalf_frac_recurring": {
        "n": 250,
        "median": 0.008525009141238379,
        "p25": 0.00577075678056636,
        "p75": 0.012096433790122547
      }
    },
    "T4": {
      "n_event": 450,
      "n_recurring": 44,
      "gini_event": {
        "n": 450,
        "median": 0.8924769062262959,
        "p25": 0.8637657607125057,
        "p75": 0.9227923810703531
      },
      "gini_recurring": {
        "n": 44,
        "median": 0.8801019092632953,
        "p25": 0.8612842596469437,
        "p75": 0.9063060063937929
      },
      "delta_median_gini": 0.012374996963000595,
      "mannwhitney_p": 0.07456331878733308,
      "nhalf_frac_event": {
        "n": 450,
        "median": 0.004028816533441481,
        "p25": 0.0019811348343629345,
        "p75": 0.007098472412684841
      },
      "nhalf_frac_recurring": {
        "n": 44,
        "median": 0.006816199333117605,
        "p25": 0.005066788495094428,
        "p75": 0.008962208603493779
      }
    }
  },
  "pooled": {
    "ALL": {
      "n_event": 1911,
      "n_recurring": 783,
      "gini_event": {
        "n": 1911,
        "median": 0.865848859049076,
        "p25": 0.8120557610315153,
        "p75": 0.9040420177590606
      },
      "gini_recurring": {
        "n": 783,
        "median": 0.8311533465279779,
        "p25": 0.7809422881776763,
        "p75": 0.8802650450382892
      },
      "delta_median_gini": 0.03469551252109815,
      "mannwhitney_p": 4.2580770463850736e-19,
      "nhalf_frac_event": {
        "n": 1911,
        "median": 0.009186351706036745,
        "p25": 0.004431620014736214,
        "p75": 0.018009009009009008
      },
      "nhalf_frac_recurring": {
        "n": 783,
        "median": 0.014563106796116505,
        "p25": 0.008456697418293642,
        "p75": 0.02287895310796074
      }
    }
  }
}