{
  "label": "event/headline",
  "n_eval": 1912,
  "guard_fail_count": 0,
  "guard_fail_sample": [],
  "beats_B_by_K": {
    "5": {
      "n": 1912,
      "count": 519,
      "frac": 0.27144351464435146,
      "binom_p_vs_5pct": 4.182945436038997e-223
    },
    "10": {
      "n": 1912,
      "count": 436,
      "frac": 0.2280334728033473,
      "binom_p_vs_5pct": 1.2896037158344796e-156
    },
    "20": {
      "n": 1912,
      "count": 330,
      "frac": 0.17259414225941422,
      "binom_p_vs_5pct": 7.54703585472656e-85
    }
  },
  "underperforms_B_by_K": {
    "5": {
      "n": 1912,
      "count": 611,
      "frac": 0.3195606694560669,
      "binom_p_vs_5pct": 4.908214697458681e-306
    },
    "10": {
      "n": 1912,
      "count": 568,
      "frac": 0.29707112970711297,
      "binom_p_vs_5pct": 3.9783045353801014e-266
    },
    "20": {
      "n": 1912,
      "count": 537,
      "frac": 0.28085774058577406,
      "binom_p_vs_5pct": 1.3472353988072403e-238
    }
  }
}