{
  "cls": "recurring",
  "n": 783,
  "permutations_each": 5,
  "guard_fail": 0,
  "real_median_gini": 0.8311533465279779,
  "perm_median_gini": 0.7945464230512803,
  "volume_median_gini": 0.8869681448494335,
  "real_frac_pass_0.60": 0.9923371647509579,
  "perm_frac_pass_0.60": 0.9948914431673053,
  "frac_real_gt_perm": 0.8786717752234994,
  "real_p10": 0.7471467334608907,
  "real_p90": 0.9094612309205067,
  "perm_p10": 0.6942259531420104,
  "perm_p90": 0.8775255864692105,
  "by_tier": {
    "T1": {
      "n": 241,
      "real_median": 0.7834380083361134,
      "perm_median": 0.7337415048938087
    },
    "T2": {
      "n": 248,
      "real_median": 0.8039043772479522,
      "perm_median": 0.7754099111482635
    },
    "T3": {
      "n": 250,
      "real_median": 0.871252875528609,
      "perm_median": 0.8387572863010695
    },
    "T4": {
      "n": 44,
      "real_median": 0.8801019092632953,
      "perm_median": 0.8411659778951959
    }
  }
}